Interval Start,Interval End,Interval Complete,Filters,Media Type,Agent Id,Agent Name,Handle
2025-07-28 12:00:00,2025-07-28 13:00:00,0.0,Initial Direction: Inbound; Queue: LLSA-ACQ-DM,voice,4898a757-15ec-47cc-b6be-d2e9b249e011,Tina Campbell,11
2025-07-28 12:00:00,2025-07-28 13:00:00,0.0,Initial Direction: Inbound; Queue: LLSA-ACQ-DM,voice,758a9386-a5db-43ee-8c79-cafe99a9d541,Rachel Turner,8
2025-07-28 12:00:00,2025-07-28 13:00:00,0.0,Initial Direction: Inbound; Queue: LLSA-ACQ-DM,voice,24bb913e-5636-4db3-aab7-1213b0928274,Bob Johnson,7
2025-07-28 12:00:00,2025-07-28 13:00:00,0.0,Initial Direction: Inbound; Queue: LLSA-ACQ-DM,voice,37f0a1b2-2e3d-4f4c-b9fa-1d2e3a4b5c6d,Christine Roberts,8
2025-07-28 12:00:00,2025-07-28 13:00:00,0.0,Initial Direction: Inbound; Queue: LLSA-ACQ-DM,voice,c3aaf240-163b-40cd-aaed-2d10d7def648,Ivan Lewis,3
2025-07-28 12:00:00,2025-07-28 13:00:00,0.0,Initial Direction: Inbound; Queue: LLSA-ACQ-DM,voice,08f54f08-058a-4e0b-9ec4-a738a595da3c,Charlie Brown,4
2025-07-28 12:00:00,2025-07-28 13:00:00,0.0,Initial Direction: Inbound; Queue: LLSA-ACQ-DM,voice,9b585b97-8826-4653-9363-696d3fa4570e,Peter Baker,12
2025-07-28 12:00:00,2025-07-28 13:00:00,0.0,Initial Direction: Inbound; Queue: LLSA-ACQ-DM,voice,d1f3a0e2-47b9-4c73-a3d9-0c1e7f4b6c29,Ursula Rivera,5
2025-07-28 12:00:00,2025-07-28 13:00:00,0.0,Initial Direction: Inbound; Queue: LLSA-ACQ-DM,voice,4ab904ce-5677-4eb1-8354-109907f0f7d8,Quincy Wright,7
